{
  "eventSettings": {
    "currencyIcons": [
      "event/data/841/Item_Icon_Event_Token_1_S43.webp",
      "event/data/841/Item_Icon_Event_Token_2_S43.webp",
      "event/data/841/Item_Icon_Event_Token_3_S43.webp",
      "이벤트_포인트_이미지_경로.webp"
    ],
    "tabMap": [1, 2, 3],
    "shopTabIcons": [1, 2, 3, 0],
    "bonusDashboardIcons": [0, 1, 2]
  },
  "studentBonuses": {
    "학생이름1": [0, 0, 0],
    "학생이름2": [0, 0, 0]
  },
  "itemMap": {
    "ticket": "event/data/841/Item_Icon_Event_Token_1_S43.webp",
    "exp1": "event/data/841/Item_Icon_Event_Token_2_S43.webp",
    "disk0": "Texture2D/80px/80px-Equipment_Icon_Exp_0.webp"
  },
  "shopConfig": [
    [
      { "name": "아이템이름s", "img": "event/data/841/Item_Icon_Event_Token_1_S43.webp", "price": 0, "qty": 0 }
    ],
    [
      { "name": "아이템이름", "img": "아이템_이미지.webp", "price": 0, "qty": 0 }
    ],
    [
      { "name": "아이템이름", "img": "아이템_이미지.webp", "price": 0, "qty": 0 }
    ]
  ],
  "stageConfig": [
    { "name": "01 스테이지명", "ap": 10, "drops": [0, 0, 0, null] }
  ]
}